{
  "additionalFiles": "..,..,..,..,..,..,..,..,..,..,..,..,..,..,..,..,..,..,..",
  "builtInLibrariesFolders": "C:\\Program Files (x86)\\Arduino\\libraries",
  "builtInToolsFolders": "C:\\Program Files (x86)\\Arduino\\tools-builder,C:\\Program Files (x86)\\Arduino\\hardware\\tools\\avr,C:\\Users\\ethan\\AppData\\Local\\Arduino15\\packages",
  "compiler.optimization_flags": "",
  "customBuildProperties": "build.path=c:\\Users\\ethan\\Google Drive\\School\\11. Masters III - Fall 2021\\Mechatronics (MEAM 510)\\Project\\code\\meam510-gta\\esp32-slave\\ArduinoOutput,build.warn_data_percentage=75,runtime.tools.mkspiffs.path=C:\\Users\\ethan\\AppData\\Local\\Arduino15\\packages\\esp32\\tools\\mkspiffs\\0.2.3,runtime.tools.mkspiffs-0.2.3.path=C:\\Users\\ethan\\AppData\\Local\\Arduino15\\packages\\esp32\\tools\\mkspiffs\\0.2.3,runtime.tools.xtensa-esp32s2-elf-gcc.path=C:\\Users\\ethan\\AppData\\Local\\Arduino15\\packages\\esp32\\tools\\xtensa-esp32s2-elf-gcc\\gcc8_4_0-esp-2021r1,runtime.tools.xtensa-esp32s2-elf-gcc-gcc8_4_0-esp-2021r1.path=C:\\Users\\ethan\\AppData\\Local\\Arduino15\\packages\\esp32\\tools\\xtensa-esp32s2-elf-gcc\\gcc8_4_0-esp-2021r1,runtime.tools.esptool_py.path=C:\\Users\\ethan\\AppData\\Local\\Arduino15\\packages\\esp32\\tools\\esptool_py\\3.1.0,runtime.tools.esptool_py-3.1.0.path=C:\\Users\\ethan\\AppData\\Local\\Arduino15\\packages\\esp32\\tools\\esptool_py\\3.1.0,runtime.tools.riscv32-esp-elf-gcc.path=C:\\Users\\ethan\\AppData\\Local\\Arduino15\\packages\\esp32\\tools\\riscv32-esp-elf-gcc\\gcc8_4_0-esp-2021r1,runtime.tools.riscv32-esp-elf-gcc-gcc8_4_0-esp-2021r1.path=C:\\Users\\ethan\\AppData\\Local\\Arduino15\\packages\\esp32\\tools\\riscv32-esp-elf-gcc\\gcc8_4_0-esp-2021r1,runtime.tools.mklittlefs.path=C:\\Users\\ethan\\AppData\\Local\\Arduino15\\packages\\esp32\\tools\\mklittlefs\\3.0.0-gnu12-dc7f933,runtime.tools.mklittlefs-3.0.0-gnu12-dc7f933.path=C:\\Users\\ethan\\AppData\\Local\\Arduino15\\packages\\esp32\\tools\\mklittlefs\\3.0.0-gnu12-dc7f933,runtime.tools.xtensa-esp32-elf-gcc.path=C:\\Users\\ethan\\AppData\\Local\\Arduino15\\packages\\esp32\\tools\\xtensa-esp32-elf-gcc\\gcc8_4_0-esp-2021r1,runtime.tools.xtensa-esp32-elf-gcc-gcc8_4_0-esp-2021r1.path=C:\\Users\\ethan\\AppData\\Local\\Arduino15\\packages\\esp32\\tools\\xtensa-esp32-elf-gcc\\gcc8_4_0-esp-2021r1",
  "fqbn": "esp32:esp32:pico32:PartitionScheme=default,UploadSpeed=921600,DebugLevel=none",
  "hardwareFolders": "C:\\Program Files (x86)\\Arduino\\hardware,C:\\Users\\ethan\\AppData\\Local\\Arduino15\\packages,C:\\Users\\ethan\\Documents\\Arduino\\hardware",
  "otherLibrariesFolders": "C:\\Users\\ethan\\Documents\\Arduino\\libraries",
  "runtime.ide.version": "10816",
  "sketchLocation": "c:\\Users\\ethan\\Google Drive\\School\\11. Masters III - Fall 2021\\Mechatronics (MEAM 510)\\Project\\code\\meam510-gta\\esp32-slave\\esp32-slave.ino"
}